{
  "dataset_size": 1364,
  "note": "Full 1,364-run dataset \u2014 corrected from v30's 1,061 runs",
  "s50_by_system_n": {
    "sbus": {
      "4": {
        "n": 138,
        "s50": 73.91304347826086,
        "ci95_lower": 66.5866746560985,
        "ci95_upper": 81.23941230042324
      },
      "8": {
        "n": 133,
        "s50": 71.42857142857143,
        "ci95_lower": 63.750852469072285,
        "ci95_upper": 79.10629038807058
      },
      "16": {
        "n": 132,
        "s50": 70.45454545454545,
        "ci95_lower": 62.67115258202103,
        "ci95_upper": 78.23793832706988
      }
    },
    "langgraph": {
      "4": {
        "n": 137,
        "s50": 70.07299270072993,
        "ci95_lower": 62.404627891622,
        "ci95_upper": 77.74135750983785
      },
      "8": {
        "n": 133,
        "s50": 75.93984962406014,
        "ci95_lower": 68.67520647430338,
        "ci95_upper": 83.20449277381692
      },
      "16": {
        "n": 132,
        "s50": 82.57575757575758,
        "ci95_lower": 76.1047435443173,
        "ci95_upper": 89.04677160719785
      }
    },
    "crewai": {
      "4": {
        "n": 103,
        "s50": 39.80582524271845,
        "ci95_lower": 30.352425832576223,
        "ci95_upper": 49.25922465286067
      },
      "8": {
        "n": 102,
        "s50": 41.17647058823529,
        "ci95_lower": 31.625311386024425,
        "ci95_upper": 50.72762979044616
      },
      "16": {
        "n": 101,
        "s50": 41.584158415841586,
        "ci95_lower": 31.971917178634225,
        "ci95_upper": 51.19639965304894
      }
    },
    "autogen": {
      "4": {
        "n": 83,
        "s50": 87.95180722891565,
        "ci95_lower": 80.94854541032952,
        "ci95_upper": 94.9550690475018
      },
      "8": {
        "n": 88,
        "s50": 88.63636363636364,
        "ci95_lower": 82.00535849754688,
        "ci95_upper": 95.2673687751804
      },
      "16": {
        "n": 82,
        "s50": 90.2439024390244,
        "ci95_lower": 83.82152025373372,
        "ci95_upper": 96.66628462431505
      }
    }
  },
  "cwr_median_by_system_n": {
    "sbus": {
      "4": {
        "n": 119,
        "median": 0.1345,
        "mean": 0.1370109243697479
      },
      "8": {
        "n": 114,
        "median": 0.13285,
        "mean": 0.13531666666666667
      },
      "16": {
        "n": 114,
        "median": 0.12585000000000002,
        "mean": 0.12561315789473684
      }
    },
    "langgraph": {
      "4": {
        "n": 117,
        "median": 6.18,
        "mean": 6.743540170940171
      },
      "8": {
        "n": 114,
        "median": 6.7903,
        "mean": 7.784792105263159
      },
      "16": {
        "n": 113,
        "median": 7.8821,
        "mean": 9.964356637168141
      }
    },
    "crewai": {
      "4": {
        "n": 103,
        "median": 9.1789,
        "mean": 12.485896116504854
      },
      "8": {
        "n": 102,
        "median": 9.809899999999999,
        "mean": 13.23719705882353
      },
      "16": {
        "n": 101,
        "median": 9.3083,
        "mean": 12.651043564356435
      }
    },
    "autogen": {
      "4": {
        "n": 83,
        "median": 28.0747,
        "mean": 28.71379518072289
      },
      "8": {
        "n": 88,
        "median": 30.5647,
        "mean": 31.558940909090907
      },
      "16": {
        "n": 82,
        "median": 34.2018,
        "mean": 35.43912926829268
      }
    }
  },
  "wall_time_by_system_n": {
    "sbus": {
      "4": {
        "n": 138,
        "mean": 449.51276811594204,
        "sd": 885.3801494471982
      },
      "8": {
        "n": 133,
        "mean": 247.10087218045112,
        "sd": 525.0821929167796
      },
      "16": {
        "n": 132,
        "mean": 128.34235606060605,
        "sd": 262.22700442681054
      }
    },
    "langgraph": {
      "4": {
        "n": 137,
        "mean": 416.5686642335766,
        "sd": 761.4066858838653
      },
      "8": {
        "n": 133,
        "mean": 218.45631578947368,
        "sd": 402.7919511806682
      },
      "16": {
        "n": 132,
        "mean": 122.41787878787879,
        "sd": 235.22519995109155
      }
    },
    "crewai": {
      "4": {
        "n": 103,
        "mean": 99.78268932038834,
        "sd": 55.75248051969177
      },
      "8": {
        "n": 102,
        "mean": 107.47766666666666,
        "sd": 60.5342544852566
      },
      "16": {
        "n": 101,
        "mean": 100.33466336633663,
        "sd": 53.319523966981784
      }
    },
    "autogen": {
      "4": {
        "n": 83,
        "mean": 324.9885421686747,
        "sd": 110.33936959497777
      },
      "8": {
        "n": 88,
        "mean": 356.3029772727273,
        "sd": 122.03263832241976
      },
      "16": {
        "n": 82,
        "mean": 403.7906463414634,
        "sd": 133.68092521247564
      }
    }
  }
}